{"cv_accuracy_mean": 0.9418181818181818, "cv_accuracy_std": 0.04762109401348653, "best_params": {"criterion": "gini", "max_features": "sqrt", "n_estimators": 100}, "feature_importance": {"Daily Return": 0.027482426511556586, "Volatility": 0.2828566750519039, "MA50": 0.045021227070476524, "MA200": 0.042233408219027706, "RSI": 0.012796025241417411, "MACD": 0.0991479784528805, "MACD_Signal": 0.07927917596737633, "MACD_Hist": 0.013281552869306016, "BB_upper": 0.09999217247976332, "BB_middle": 0.033530262165827364, "BB_lower": 0.05666784995848309, "Price_to_MA50": 0.02299146200696076, "Price_to_MA200": 0.020720527308580046, "ROC_5": 0.025814692512541586, "ROC_10": 0.017456208295786483, "ATR": 0.053399406188147, "Volume_ROC": 0.013386553888128677, "OBV": 0.013161507352763748, "Stoch_K": 0.018299355243471833, "Stoch_D": 0.022481533215601247}, "features_used": ["Daily Return", "Volatility", "MA50", "MA200", "RSI", "MACD", "MACD_Signal", "MACD_Hist", "BB_upper", "BB_middle", "BB_lower", "Price_to_MA50", "Price_to_MA200", "ROC_5", "ROC_10", "ATR", "Volume_ROC", "OBV", "Stoch_K", "Stoch_D"]}