{"cv_accuracy_mean": 0.96, "cv_accuracy_std": 0.07999999999999999, "best_params": {"criterion": "gini", "max_features": "sqrt", "n_estimators": 100}, "feature_importance": {"Daily Return": 0.008594855702297103, "Volatility": 0.1740493624151646, "MA50": 0.14091778424016194, "MA200": 0.06995004739071062, "RSI": 0.003396282372598162, "MACD": 0.0248458181518419, "MACD_Signal": 0.03903054090668543, "MACD_Hist": 0.0033834920634920646, "BB_upper": 0.07637061547956704, "BB_middle": 0.11245587851944078, "BB_lower": 0.1699701285103405, "Price_to_MA50": 0.008637111707244686, "Price_to_MA200": 0.016137696740401858, "ROC_5": 0.005136632196385918, "ROC_10": 0.01501532983389454, "ATR": 0.10465049845220792, "Volume_ROC": 0.006552767141445799, "OBV": 0.002098069477869625, "Stoch_K": 0.0003900000000000001, "Stoch_D": 0.018417088698249692}, "features_used": ["Daily Return", "Volatility", "MA50", "MA200", "RSI", "MACD", "MACD_Signal", "MACD_Hist", "BB_upper", "BB_middle", "BB_lower", "Price_to_MA50", "Price_to_MA200", "ROC_5", "ROC_10", "ATR", "Volume_ROC", "OBV", "Stoch_K", "Stoch_D"]}