{"cv_accuracy_mean": 0.8654545454545455, "cv_accuracy_std": 0.10080666382275719, "best_params": {"criterion": "gini", "max_features": "sqrt", "n_estimators": 700}, "feature_importance": {"Daily Return": 0.02103724701321381, "Volatility": 0.24436744165750604, "MA50": 0.07873307030663527, "MA200": 0.09260601604383036, "RSI": 0.01704639418677722, "MACD": 0.04027993614880292, "MACD_Signal": 0.04652392801131206, "MACD_Hist": 0.018704837851219774, "BB_upper": 0.06371910620158142, "BB_middle": 0.08858854436241527, "BB_lower": 0.06478105102960897, "Price_to_MA50": 0.025940056486033557, "Price_to_MA200": 0.03943107073024137, "ROC_5": 0.010713679886527735, "ROC_10": 0.010392840226482852, "ATR": 0.07016517616085824, "Volume_ROC": 0.010229751469838316, "OBV": 0.015639641329843666, "Stoch_K": 0.022183930588774346, "Stoch_D": 0.018916280308496892}, "features_used": ["Daily Return", "Volatility", "MA50", "MA200", "RSI", "MACD", "MACD_Signal", "MACD_Hist", "BB_upper", "BB_middle", "BB_lower", "Price_to_MA50", "Price_to_MA200", "ROC_5", "ROC_10", "ATR", "Volume_ROC", "OBV", "Stoch_K", "Stoch_D"]}