{"cv_accuracy_mean": 0.9155555555555555, "cv_accuracy_std": 0.08213208272256146, "best_params": {"criterion": "gini", "max_features": "sqrt", "n_estimators": 100}, "feature_importance": {"Daily Return": 0.009083919727713679, "Volatility": 0.24442387045934785, "MA50": 0.0670095876264888, "MA200": 0.02137313144147973, "RSI": 0.0482437549876893, "MACD": 0.022745291451814562, "MACD_Signal": 0.01738080070616866, "MACD_Hist": 0.02852610495125635, "BB_upper": 0.04611610232021057, "BB_middle": 0.06392467782322553, "BB_lower": 0.03989216075667503, "Price_to_MA50": 0.05180610273987651, "Price_to_MA200": 0.028770891888274617, "ROC_5": 0.03495096517802064, "ROC_10": 0.024424992661833674, "ATR": 0.06492975419971979, "Volume_ROC": 0.019231282595849514, "OBV": 0.0227717460335854, "Stoch_K": 0.045810370115790894, "Stoch_D": 0.0985844923349788}, "features_used": ["Daily Return", "Volatility", "MA50", "MA200", "RSI", "MACD", "MACD_Signal", "MACD_Hist", "BB_upper", "BB_middle", "BB_lower", "Price_to_MA50", "Price_to_MA200", "ROC_5", "ROC_10", "ATR", "Volume_ROC", "OBV", "Stoch_K", "Stoch_D"]}