{"cv_accuracy_mean": 0.9018181818181817, "cv_accuracy_std": 0.08951660818248122, "best_params": {"criterion": "gini", "max_features": "sqrt", "n_estimators": 300}, "feature_importance": {"Daily Return": 0.009580740508884942, "Volatility": 0.2568932681666981, "MA50": 0.07393784705901572, "MA200": 0.05491842654157287, "RSI": 0.030764093001996663, "MACD": 0.03890577170634253, "MACD_Signal": 0.04574402489029721, "MACD_Hist": 0.05627092338520295, "BB_upper": 0.06934796659572344, "BB_middle": 0.062207633654892444, "BB_lower": 0.03480263473941519, "Price_to_MA50": 0.04198391902736655, "Price_to_MA200": 0.02858029666338868, "ROC_5": 0.017762564078791423, "ROC_10": 0.023487940389001677, "ATR": 0.07194299913679603, "Volume_ROC": 0.011220066932325221, "OBV": 0.026256292425273442, "Stoch_K": 0.015003944706373992, "Stoch_D": 0.030388646390641025}, "features_used": ["Daily Return", "Volatility", "MA50", "MA200", "RSI", "MACD", "MACD_Signal", "MACD_Hist", "BB_upper", "BB_middle", "BB_lower", "Price_to_MA50", "Price_to_MA200", "ROC_5", "ROC_10", "ATR", "Volume_ROC", "OBV", "Stoch_K", "Stoch_D"]}