{"cv_accuracy_mean": 0.9218181818181819, "cv_accuracy_std": 0.0744345072380317, "best_params": {"criterion": "gini", "max_features": "sqrt", "n_estimators": 100}, "feature_importance": {"Daily Return": 0.008232795322777972, "Volatility": 0.18039672896019557, "MA50": 0.09120531283719585, "MA200": 0.10840858302580933, "RSI": 0.011824303932061629, "MACD": 0.0752748663192688, "MACD_Signal": 0.0472142758166793, "MACD_Hist": 0.015203757878108546, "BB_upper": 0.02715940884930902, "BB_middle": 0.08131000161495691, "BB_lower": 0.08342733357006178, "Price_to_MA50": 0.04062625893908026, "Price_to_MA200": 0.055614984545511045, "ROC_5": 0.006191830358725097, "ROC_10": 0.007286307771972703, "ATR": 0.11927346916446137, "Volume_ROC": 0.007840603952191542, "OBV": 0.025953031503990743, "Stoch_K": 0.004667659244575562, "Stoch_D": 0.0028884863930669137}, "features_used": ["Daily Return", "Volatility", "MA50", "MA200", "RSI", "MACD", "MACD_Signal", "MACD_Hist", "BB_upper", "BB_middle", "BB_lower", "Price_to_MA50", "Price_to_MA200", "ROC_5", "ROC_10", "ATR", "Volume_ROC", "OBV", "Stoch_K", "Stoch_D"]}