{"cv_accuracy_mean": 0.9418181818181818, "cv_accuracy_std": 0.04762109401348653, "best_params": {"criterion": "gini", "max_features": "sqrt", "n_estimators": 100}, "feature_importance": {"Daily Return": 0.0031401699036928076, "Volatility": 0.20232043331932742, "MA50": 0.027493896697186795, "MA200": 0.13343410595519956, "RSI": 0.0066587743912092665, "MACD": 0.0774897550253472, "MACD_Signal": 0.1402958963417038, "MACD_Hist": 0.010855640083276831, "BB_upper": 0.050040821913, "BB_middle": 0.071499058403048, "BB_lower": 0.05899067859975482, "Price_to_MA50": 0.023490509294899087, "Price_to_MA200": 0.03916311433808174, "ROC_5": 0.005232053264253701, "ROC_10": 0.012828385458609547, "ATR": 0.07153251582173466, "Volume_ROC": 0.0065580889480519105, "OBV": 0.05361105884955757, "Stoch_K": 0.0016623411120222195, "Stoch_D": 0.0037027022800431545}, "features_used": ["Daily Return", "Volatility", "MA50", "MA200", "RSI", "MACD", "MACD_Signal", "MACD_Hist", "BB_upper", "BB_middle", "BB_lower", "Price_to_MA50", "Price_to_MA200", "ROC_5", "ROC_10", "ATR", "Volume_ROC", "OBV", "Stoch_K", "Stoch_D"]}