{"cv_accuracy_mean": 0.8654545454545455, "cv_accuracy_std": 0.04649713400925242, "best_params": {"criterion": "entropy", "max_features": "sqrt", "n_estimators": 100}, "feature_importance": {"Daily Return": 0.012270754676853882, "Volatility": 0.2934285847248579, "MA50": 0.07638867077593432, "MA200": 0.049956542605600875, "RSI": 0.03617761215586467, "MACD": 0.03363387863589673, "MACD_Signal": 0.05160963577744066, "MACD_Hist": 0.020829807777185485, "BB_upper": 0.0789826541627634, "BB_middle": 0.06266569047844592, "BB_lower": 0.040055895201106216, "Price_to_MA50": 0.047416314105866914, "Price_to_MA200": 0.04493646950549836, "ROC_5": 0.00919105324703824, "ROC_10": 0.030588685136364344, "ATR": 0.024683537352657884, "Volume_ROC": 0.026658141773878888, "OBV": 0.02562175259627881, "Stoch_K": 0.012356059974515679, "Stoch_D": 0.022548259335950692}, "features_used": ["Daily Return", "Volatility", "MA50", "MA200", "RSI", "MACD", "MACD_Signal", "MACD_Hist", "BB_upper", "BB_middle", "BB_lower", "Price_to_MA50", "Price_to_MA200", "ROC_5", "ROC_10", "ATR", "Volume_ROC", "OBV", "Stoch_K", "Stoch_D"]}