{"cv_accuracy_mean": 0.9218181818181819, "cv_accuracy_std": 0.0744345072380317, "best_params": {"criterion": "gini", "max_features": "sqrt", "n_estimators": 100}, "feature_importance": {"Daily Return": 0.006058093545511427, "Volatility": 0.23014839250952046, "MA50": 0.08524800791208209, "MA200": 0.07604608639565386, "RSI": 0.05020787231118499, "MACD": 0.052701797700343674, "MACD_Signal": 0.05276632589670762, "MACD_Hist": 0.021089488958986994, "BB_upper": 0.02075089506420711, "BB_middle": 0.06810830938792872, "BB_lower": 0.10895895520263688, "Price_to_MA50": 0.011447753864045934, "Price_to_MA200": 0.01879424706354322, "ROC_5": 0.008099520425201776, "ROC_10": 0.009999706678577537, "ATR": 0.060076916471626565, "Volume_ROC": 0.005916766286071653, "OBV": 0.0693227818440828, "Stoch_K": 0.005181564533704518, "Stoch_D": 0.03907651794838216}, "features_used": ["Daily Return", "Volatility", "MA50", "MA200", "RSI", "MACD", "MACD_Signal", "MACD_Hist", "BB_upper", "BB_middle", "BB_lower", "Price_to_MA50", "Price_to_MA200", "ROC_5", "ROC_10", "ATR", "Volume_ROC", "OBV", "Stoch_K", "Stoch_D"]}