{"cv_accuracy_mean": 0.8466666666666667, "cv_accuracy_std": 0.09010282192317019, "best_params": {"criterion": "entropy", "max_features": "sqrt", "n_estimators": 300}, "feature_importance": {"Daily Return": 0.021912005977524702, "Volatility": 0.2832854715590719, "MA50": 0.05745495946041993, "MA200": 0.06596203724353261, "RSI": 0.018313255143810974, "MACD": 0.05310644650339777, "MACD_Signal": 0.05042254538380831, "MACD_Hist": 0.03270252811675518, "BB_upper": 0.04086903494179963, "BB_middle": 0.04131496804842058, "BB_lower": 0.028194193034476126, "Price_to_MA50": 0.026164659791134463, "Price_to_MA200": 0.03034958753124456, "ROC_5": 0.022843693114889794, "ROC_10": 0.04209276173618914, "ATR": 0.07191162330165204, "Volume_ROC": 0.02463211629431281, "OBV": 0.05559000159607235, "Stoch_K": 0.01797524088199678, "Stoch_D": 0.014902870339490382}, "features_used": ["Daily Return", "Volatility", "MA50", "MA200", "RSI", "MACD", "MACD_Signal", "MACD_Hist", "BB_upper", "BB_middle", "BB_lower", "Price_to_MA50", "Price_to_MA200", "ROC_5", "ROC_10", "ATR", "Volume_ROC", "OBV", "Stoch_K", "Stoch_D"]}