{"cv_accuracy_mean": 0.9218181818181819, "cv_accuracy_std": 0.11636363636363638, "best_params": {"criterion": "entropy", "max_features": "sqrt", "n_estimators": 300}, "feature_importance": {"Daily Return": 0.0034517187898907603, "Volatility": 0.18732904435374934, "MA50": 0.06665396126434392, "MA200": 0.1632692930755549, "RSI": 0.028049481176321216, "MACD": 0.056006399571311774, "MACD_Signal": 0.02688706375964518, "MACD_Hist": 0.03714867197821228, "BB_upper": 0.04143301256149686, "BB_middle": 0.06081848312645298, "BB_lower": 0.025634689402836065, "Price_to_MA50": 0.047977995950239286, "Price_to_MA200": 0.09565696480314885, "ROC_5": 0.008130081113108463, "ROC_10": 0.010015812484895067, "ATR": 0.06577605974468828, "Volume_ROC": 0.00409933174772787, "OBV": 0.031342121451510226, "Stoch_K": 0.017944849470121906, "Stoch_D": 0.022374964174744695}, "features_used": ["Daily Return", "Volatility", "MA50", "MA200", "RSI", "MACD", "MACD_Signal", "MACD_Hist", "BB_upper", "BB_middle", "BB_lower", "Price_to_MA50", "Price_to_MA200", "ROC_5", "ROC_10", "ATR", "Volume_ROC", "OBV", "Stoch_K", "Stoch_D"]}