{"cv_accuracy_mean": 0.9636363636363636, "cv_accuracy_std": 0.0727272727272727, "best_params": {"criterion": "gini", "max_features": "sqrt", "n_estimators": 100}, "feature_importance": {"Daily Return": 0.003660857654623344, "Volatility": 0.2136154937984063, "MA50": 0.06707508459159418, "MA200": 0.09998439375506206, "RSI": 0.039483175236932955, "MACD": 0.059015917011307026, "MACD_Signal": 0.09266471219158377, "MACD_Hist": 0.012065644687115898, "BB_upper": 0.08338901700130492, "BB_middle": 0.09437956437554118, "BB_lower": 0.014679169626041363, "Price_to_MA50": 0.026118086073365805, "Price_to_MA200": 0.028489420848012426, "ROC_5": 0.00283209595959596, "ROC_10": 0.01095674169757, "ATR": 0.08286407161803065, "Volume_ROC": 0.005217684587020315, "OBV": 0.03686533047073216, "Stoch_K": 0.004366876787848096, "Stoch_D": 0.022276662028311713}, "features_used": ["Daily Return", "Volatility", "MA50", "MA200", "RSI", "MACD", "MACD_Signal", "MACD_Hist", "BB_upper", "BB_middle", "BB_lower", "Price_to_MA50", "Price_to_MA200", "ROC_5", "ROC_10", "ATR", "Volume_ROC", "OBV", "Stoch_K", "Stoch_D"]}