{"cv_accuracy_mean": 0.9577777777777777, "cv_accuracy_std": 0.05183068350973601, "best_params": {"criterion": "gini", "max_features": "sqrt", "n_estimators": 300}, "feature_importance": {"Daily Return": 0.010273044045387208, "Volatility": 0.22094180109264386, "MA50": 0.048907051896820895, "MA200": 0.05972706859888785, "RSI": 0.03342984432256851, "MACD": 0.036051388091113905, "MACD_Signal": 0.038820204525957726, "MACD_Hist": 0.023795286954062973, "BB_upper": 0.1482137543519927, "BB_middle": 0.11579935894621056, "BB_lower": 0.04833542932616393, "Price_to_MA50": 0.04352801176265408, "Price_to_MA200": 0.039678512091891716, "ROC_5": 0.01314798882563653, "ROC_10": 0.016367971858600918, "ATR": 0.0139223956483093, "Volume_ROC": 0.005989732861792494, "OBV": 0.04167218809447556, "Stoch_K": 0.015945309008261153, "Stoch_D": 0.025453657696568113}, "features_used": ["Daily Return", "Volatility", "MA50", "MA200", "RSI", "MACD", "MACD_Signal", "MACD_Hist", "BB_upper", "BB_middle", "BB_lower", "Price_to_MA50", "Price_to_MA200", "ROC_5", "ROC_10", "ATR", "Volume_ROC", "OBV", "Stoch_K", "Stoch_D"]}